old_function_name,exists_in_supabase_functions_folder,referenced_by_frontend,referenced_by_backend,referenced_by_docs_only,reference_files,category,risk_level,is_public_webhook,recommended_new_function,recommended_new_route,migration_status,notes
abc-api,true,false,false,true,docs/edge-function-current-status.md,supplier,LOW,false,supplier-api,/abc/api,SHIM,
abc-api-proxy,true,true,true,false,src/components/orders/PushToQXOButton.tsx|src/components/orders/PushToSupplierDialog.tsx|src/components/settings/ABCConnectionSettings.tsx|supabase/functions/srs-price-refresh-scheduler/index.ts|docs/edge-function-current-status.md,supplier,MEDIUM,false,supplier-api,/abc/api-proxy,MIGRATE,
abc-oauth-callback,true,true,true,false,src/components/settings/ABCConnectionSettings.tsx|supabase/functions/abc-api-proxy/handler.ts|supabase/functions/abc-oauth-callback/index.ts|docs/EDGE_FUNCTION_CONSOLIDATION_AUDIT.md|docs/EDGE_FUNCTION_RULES.md|docs/edge-function-current-status.md,supplier,HIGH,true,supplier-api,/abc/oauth-callback,KEEP,
admin-api,true,false,false,true,docs/edge-function-current-status.md,admin,HIGH,false,admin-api,/api,SHIM,
admin-cleanup-sms-templates,true,true,false,false,src/components/communications/TextBlastCreator.tsx|docs/edge-function-current-status.md,admin,HIGH,false,admin-api,/cleanup-sms-templates,MIGRATE,
admin-create-user,true,true,false,false,src/components/settings/EnhancedCompanyOnboarding.tsx|src/components/settings/UserManagement.tsx|src/pages/onboarding/OnboardingWalkthrough.tsx|docs/edge-function-current-status.md,admin,HIGH,false,admin-api,/create-user,MIGRATE,
admin-delete-user,true,true,false,false,src/components/settings/UserManagement.tsx|docs/edge-function-current-status.md,admin,HIGH,false,admin-api,/delete-user,MIGRATE,
admin-update-password,true,true,false,false,src/components/settings/EnhancedUserProfile.tsx|docs/edge-function-current-status.md,admin,HIGH,false,admin-api,/update-password,MIGRATE,
ai-admin-agent,true,true,false,false,src/components/ai-admin/AIAdminChat.tsx|docs/edge-function-current-status.md,ai,HIGH,false,ai-api,/admin-agent,MIGRATE,
ai-api,true,false,false,true,docs/EDGE_FUNCTION_CONSOLIDATION_AUDIT.md|docs/edge-function-current-status.md,ai,LOW,false,ai-api,/api,SHIM,
ai-appointment-scheduler,true,true,false,false,src/components/scheduling/AIAppointmentScheduler.tsx|docs/edge-function-current-status.md,ai,LOW,false,ai-api,/appointment-scheduler,MIGRATE,
ai-claude-processor,true,true,false,false,src/components/settings/ClaudeAITester.tsx|src/pages/IntegrationDashboard.tsx|docs/edge-function-current-status.md,ai,LOW,false,ai-worker,/claude-processor,MIGRATE,
ai-command-processor,true,true,false,false,src/shared/components/AIAssistant.tsx|docs/edge-function-current-status.md,ai,LOW,false,ai-worker,/command-processor,MIGRATE,
ai-context-builder,true,false,false,false,,ai,LOW,false,ai-api,/context-builder,DELETE_CANDIDATE,
ai-error-fixer,true,true,false,false,src/hooks/useAIErrorFixer.ts|docs/edge-function-current-status.md,ai,LOW,false,ai-api,/error-fixer,MIGRATE,
ai-followup-dispatch,true,false,true,false,supabase/functions/ai-followup-runner/index.ts,ai,MEDIUM,false,ai-worker,/followup-dispatch,MIGRATE,
ai-followup-generate,true,false,true,false,supabase/functions/ai-followup-dispatch/index.ts,ai,MEDIUM,false,ai-api,/followup-generate,MIGRATE,
ai-followup-runner,true,true,false,false,src/components/communications/AIFollowupAgentSettings.tsx|docs/edge-function-current-status.md,ai,LOW,false,ai-worker,/followup-runner,MIGRATE,
ai-followup-worker,true,false,true,false,supabase/functions/telnyx-inbound-webhook/index.ts|docs/edge-function-current-status.md|docs/messaging-consolidation-report.md,ai,MEDIUM,false,ai-worker,/followup-worker,MIGRATE,
ai-image-analyzer,true,true,false,false,src/shared/components/forms/PhotoCaptureGuide.tsx|docs/edge-function-current-status.md,ai,LOW,false,ai-api,/image-analyzer,MIGRATE,
ai-inbound-router,true,false,true,false,supabase/functions/telnyx-inbound-webhook/index.ts|docs/EDGE_FUNCTION_CONSOLIDATION_AUDIT.md|docs/edge-function-current-status.md,ai,HIGH,true,ai-api,/inbound-router,KEEP,
ai-lead-scorer,true,true,false,false,src/components/AILeadScorer.tsx|src/features/leads/components/LeadScoreDashboard.tsx|docs/edge-function-current-status.md,ai,LOW,false,ai-api,/lead-scorer,MIGRATE,
ai-measurement,true,false,false,true,docs/ai_measurement_architecture_status.md|docs/edge-function-current-status.md|docs/fonsica-rerun-prereqs.md|docs/measurement-route-audit.md|docs/measurement-runtime-audit.md|docs/fonsica-rerun-20260522.md,measurement,MEDIUM,false,measurement-api,/measurement,SHIM,
ai-measurement-analyzer,true,true,false,false,src/components/measurements/AIRoofAnalyzer.tsx|docs/edge-function-current-status.md|docs/measurement-runtime-audit.md,measurement,MEDIUM,false,measurement-api,/measurement-analyzer,MIGRATE,
ai-project-status-answer,true,false,false,false,,ai,LOW,false,ai-api,/project-status-answer,DELETE_CANDIDATE,
ai-sales-advisor,true,false,false,false,,ai,LOW,false,ai-api,/sales-advisor,DELETE_CANDIDATE,
ai-sales-coach,true,false,false,false,,ai,LOW,false,ai-api,/sales-coach,DELETE_CANDIDATE,
ai-worker,true,false,false,true,docs/edge-function-current-status.md,ai,MEDIUM,false,ai-worker,/worker,SHIM,
amb-inbound,true,false,false,true,docs/APPLE_MESSAGES_SETUP.md|docs/EDGE_FUNCTION_CONSOLIDATION_AUDIT.md|docs/edge-function-current-status.md,webhook,HIGH,true,webhook-api,/inbound,KEEP,
analytics-api,true,false,false,true,docs/edge-function-current-status.md,analytics,LOW,false,analytics-api,/api,SHIM,
analyze-image-quality,true,true,false,false,src/components/measurements/MeasurementTestPanel.tsx|docs/edge-function-current-status.md,other,LOW,false,TBD,/image-quality,MIGRATE,
analyze-roof-aerial,true,true,true,false,src/components/measurements/MeasurementTestPanel.tsx|src/components/measurements/RoofrStyleReportPreview.tsx|supabase/functions/generate-roof-overlay/index.ts|docs/ai_measurement_architecture_status.md|docs/edge-function-current-status.md|docs/measurement-route-audit.md|docs/measurement-runtime-audit.md,other,MEDIUM,false,TBD,/roof-aerial,MIGRATE,
api-approve-job-from-lead,true,true,false,false,src/components/ApprovalRequirementsBubbles.tsx|src/components/JobApprovalDialog.tsx|src/components/ManagerApprovalQueue.tsx|src/components/PipelineToJobConverter.tsx|src/pages/PipelineEntryReview.tsx|docs/edge-function-current-status.md|docs/phase-1-implementation-plan.md|docs/phase-1a-manager-approval-gate.md,job,LOW,false,job-api,/approve-job-from-lead,MIGRATE,
apply-referral-credit-to-job,true,false,false,false,,other,LOW,false,TBD,/referral-credit-to-job,DELETE_CANDIDATE,
approve-cost-reconciliation,true,true,false,false,src/components/production/CostReconciliationPanel.tsx|docs/edge-function-current-status.md,other,LOW,false,TBD,/cost-reconciliation,MIGRATE,
approve-crm-referral-payout,true,false,false,true,src/lib/companyReferrals/IMPLEMENTATION_STATUS.md,other,LOW,false,TBD,/crm-referral-payout,SHIM,
approve-order,true,true,false,false,src/pages/PendingApprovals.tsx|docs/edge-function-current-status.md,other,LOW,false,TBD,/order,MIGRATE,
approve-referral-payout,true,false,false,false,,other,LOW,false,TBD,/referral-payout,DELETE_CANDIDATE,
assign-contact-task,true,true,false,false,src/components/contact-profile/ContactNotesSection.tsx|docs/edge-function-current-status.md,contact,LOW,false,contact-api,/contact-task,MIGRATE,
asterisk-call-inbound,true,false,false,true,docs/EDGE_FUNCTION_CONSOLIDATION_AUDIT.md|docs/edge-function-current-status.md,webhook,HIGH,true,webhook-api,/call-inbound,KEEP,
asterisk-sms-inbound,true,false,false,true,docs/EDGE_FUNCTION_CONSOLIDATION_AUDIT.md|docs/edge-function-current-status.md,webhook,HIGH,true,webhook-api,/sms-inbound,KEEP,
attach-crm-referral-to-new-company,true,false,false,true,src/lib/companyReferrals/IMPLEMENTATION_STATUS.md,other,LOW,false,TBD,/crm-referral-to-new-company,SHIM,
audit-button-pathways,true,true,false,false,src/components/automation/AutomationDashboard.tsx|docs/edge-function-current-status.md,other,LOW,false,TBD,/button-pathways,MIGRATE,
audit-cost-invoice,true,true,false,false,src/pages/MaterialAuditPage.tsx|docs/edge-function-current-status.md,other,LOW,false,TBD,/cost-invoice,MIGRATE,
audit-material-invoice,true,false,true,false,supabase/functions/parse-invoice-document/index.ts,other,MEDIUM,false,TBD,/material-invoice,MIGRATE,
auth-api,true,false,false,true,docs/edge-function-current-status.md,auth,HIGH,false,auth-api,/api,SHIM,
auto-generate-measurements,true,false,false,true,docs/measurement-runtime-audit.md,measurement,MEDIUM,false,measurement-worker,/generate-measurements,SHIM,
automation-dispatcher,true,false,false,false,,other,LOW,false,TBD,/dispatcher,DELETE_CANDIDATE,
automation-processor,true,true,false,false,src/lib/automations/triggerAutomation.ts|docs/edge-function-current-status.md,other,LOW,false,TBD,/processor,MIGRATE,
automation-worker,true,false,true,false,supabase/functions/automation-dispatcher/index.ts|docs/edge-function-current-status.md,other,MEDIUM,false,TBD,/worker,MIGRATE,
backfill-ai-usage,true,true,false,false,src/components/settings/AIUsageDashboard.tsx|docs/edge-function-current-status.md,other,LOW,false,TBD,/ai-usage,MIGRATE,
backfill-email-statuses,true,false,false,false,,email,LOW,false,email-api,/email-statuses,DELETE_CANDIDATE,
backfill-verification-addresses,true,true,false,false,src/components/settings/VendorVerificationDashboard.tsx|docs/edge-function-current-status.md,other,LOW,false,TBD,/verification-addresses,MIGRATE,
backup-api,true,false,false,true,docs/edge-function-current-status.md,backup,LOW,false,backup-api,/api,SHIM,
batch-regenerate-measurements,true,true,false,false,src/components/measurements/BatchRegenerationPanel.tsx|docs/edge-function-current-status.md|docs/measurement-runtime-audit.md,measurement,MEDIUM,false,measurement-worker,/regenerate-measurements,MIGRATE,
batch-remeasure,true,true,false,false,src/components/measurements/BatchRemeasurementPanel.tsx|docs/edge-function-current-status.md|docs/measurement-runtime-audit.md,measurement,MEDIUM,false,measurement-worker,/remeasure,MIGRATE,
batch-update-contact-statuses,true,false,false,false,,contact,MEDIUM,false,contact-api,/update-contact-statuses,DELETE_CANDIDATE,
billtrust-auth,true,true,false,false,src/features/settings/components/SupplierManagement.tsx|docs/edge-function-current-status.md,supplier,HIGH,false,supplier-api,/auth,MIGRATE,
billtrust-pricing,true,true,true,false,src/features/settings/components/SupplierManagement.tsx|supabase/functions/material-pricing-api/index.ts|docs/edge-function-current-status.md,supplier,MEDIUM,false,supplier-api,/pricing,MIGRATE,
build-derived-pricelists,true,true,false,false,src/pages/MaterialAuditPage.tsx|docs/edge-function-current-status.md,other,LOW,false,TBD,/derived-pricelists,MIGRATE,
calculate-measurement-corrections,true,true,false,false,src/components/settings/TrainingAnalyticsDashboard.tsx|src/components/settings/TrainingComparisonView.tsx|src/pages/ReportImportDashboard.tsx|docs/edge-function-current-status.md,measurement,MEDIUM,false,measurement-api,/measurement-corrections,MIGRATE,
calculate-roof-measurements,true,true,false,false,src/components/roof-measurement/MeasurementWorkflow.tsx|docs/edge-function-current-status.md|docs/measurement-runtime-audit.md,measurement,MEDIUM,false,measurement-api,/roof-measurements,MIGRATE,
calendar-ical-feed,true,true,false,false,src/components/settings/CalendarSyncSettings.tsx|docs/edge-function-current-status.md,other,LOW,false,TBD,/ical-feed,MIGRATE,
call-answering-service,true,true,false,false,src/components/AnsweringServiceConfig.tsx|docs/edge-function-current-status.md,other,LOW,false,TBD,/answering-service,MIGRATE,
call-forwarding,true,true,false,false,src/components/CallForwardingConfig.tsx|docs/edge-function-current-status.md,other,LOW,false,TBD,/forwarding,MIGRATE,
canvass-api,true,false,false,true,docs/edge-function-current-status.md,canvass,LOW,false,canvass-api,/api,SHIM,
canvass-area-auto-split,true,true,false,false,src/components/storm-canvass/AutoSplitButton.tsx|docs/edge-function-current-status.md,canvass,LOW,false,canvass-api,/area-auto-split,MIGRATE,
canvass-area-build-heatmap,true,true,false,false,src/components/storm-canvass/TerritoryManagerMap.tsx|docs/edge-function-current-status.md,canvass,LOW,false,canvass-api,/area-build-heatmap,MIGRATE,
canvass-area-build-membership,true,true,false,false,src/components/storm-canvass/TerritoryManagerMap.tsx|docs/edge-function-current-status.md,canvass,LOW,false,canvass-api,/area-build-membership,MIGRATE,
canvass-auth,true,false,false,false,,canvass,HIGH,false,canvass-api,/auth,DELETE_CANDIDATE,
canvass-dispositions,true,true,false,false,src/services/offlineManager.ts|src/services/unifiedOfflineStore.ts|docs/edge-function-current-status.md,canvass,LOW,false,canvass-api,/dispositions,MIGRATE,
canvass-document-sync,true,false,false,false,,document,LOW,false,document-api,/document-sync,DELETE_CANDIDATE,
canvass-drop-pin,true,true,false,false,src/components/storm-canvass/DropPinDialog.tsx|docs/edge-function-current-status.md,canvass,LOW,false,canvass-api,/drop-pin,MIGRATE,
canvass-estimate-sync,true,false,false,false,,canvass,LOW,false,canvass-api,/estimate-sync,DELETE_CANDIDATE,
canvass-pin-sync,true,false,false,false,,canvass,LOW,false,canvass-api,/pin-sync,DELETE_CANDIDATE,
canvass-route-plan,true,false,false,false,,canvass,LOW,false,canvass-api,/route-plan,DELETE_CANDIDATE,
canvassiq-add-property,true,false,false,false,,property-data,LOW,false,property-data-api,/add-property,DELETE_CANDIDATE,
canvassiq-auto-detect,true,false,false,false,,property-data,LOW,false,property-data-api,/auto-detect,DELETE_CANDIDATE,
canvassiq-enrichment,true,false,false,false,,property-data,LOW,false,property-data-api,/enrichment,DELETE_CANDIDATE,
canvassiq-load-parcels,true,true,false,false,src/components/storm-canvass/GooglePropertyMarkersLayer.tsx|src/components/storm-canvass/PropertyMarkersLayer.tsx|docs/edge-function-current-status.md,property-data,LOW,false,property-data-api,/load-parcels,MIGRATE,
canvassiq-properties-geojson,true,false,false,false,,property-data,LOW,false,property-data-api,/properties-geojson,DELETE_CANDIDATE,
canvassiq-skip-trace,true,true,false,false,src/components/storm-canvass/PropertyInfoPanel.tsx|docs/edge-function-current-status.md,property-data,LOW,false,property-data-api,/skip-trace,MIGRATE,
canvassiq-snap-to-buildings,true,false,false,false,,property-data,LOW,false,property-data-api,/snap-to-buildings,DELETE_CANDIDATE,
capture-digital-signature,true,true,false,false,src/pages/SignDocument.tsx|docs/edge-function-current-status.md,signature,LOW,false,signature-api,/digital-signature,MIGRATE,
classify-blueprint-pages,true,true,true,false,src/integrations/blueprintApi.ts|supabase/functions/parse-blueprint-document/index.ts|docs/edge-function-current-status.md,other,MEDIUM,false,TBD,/blueprint-pages,MIGRATE,
communication-inbox-manager,true,true,false,false,src/components/inbox/StaffAssignmentDropdown.tsx|docs/edge-function-current-status.md,other,LOW,false,TBD,/inbox-manager,MIGRATE,
communication-router,true,false,false,true,docs/messaging-consolidation-report.md,other,LOW,false,TBD,/router,SHIM,
communication-template-engine,true,false,false,true,docs/messaging-consolidation-report.md,other,LOW,false,TBD,/template-engine,SHIM,
company-api,true,false,false,true,docs/edge-function-current-status.md,other,LOW,false,TBD,/api,SHIM,
compare-accuracy,true,true,false,false,src/components/settings/CoverageGapPanel.tsx|docs/edge-function-current-status.md,measurement,LOW,false,measurement-api,/accuracy,MIGRATE,
compare-ai-measurement-to-vendor,true,false,false,false,,measurement,MEDIUM,false,measurement-api,/ai-measurement-to-vendor,DELETE_CANDIDATE,
compare-scope-documents,true,true,false,false,src/hooks/useScopeIntelligence.ts|docs/SUPPLEMENT_BACKEND_AUDIT.md|docs/edge-function-current-status.md,document,LOW,false,document-api,/scope-documents,MIGRATE,
contact-api,true,false,false,true,docs/edge-function-current-status.md,contact,LOW,false,contact-api,/api,SHIM,
create-company-user,true,true,false,false,src/components/settings/CreateCompanyFromDemoDialog.tsx|docs/edge-function-current-status.md,company,LOW,false,company-api,/company-user,MIGRATE,
create-crm-referral-partner,true,false,false,true,src/lib/companyReferrals/IMPLEMENTATION_STATUS.md,other,LOW,false,TBD,/crm-referral-partner,SHIM,
create-lead-with-contact,true,true,false,false,src/components/EnhancedLeadCreationDialog.tsx|docs/edge-function-current-status.md,contact,LOW,false,contact-api,/lead-with-contact,MIGRATE,
create-material-order,true,true,false,false,src/components/materials/MaterialCalculator.tsx|docs/edge-function-current-status.md,supplier,LOW,false,supplier-api,/material-order,MIGRATE,
create-platform-operator,true,true,false,false,src/components/settings/PlatformOperatorsPanel.tsx,other,LOW,false,TBD,/platform-operator,MIGRATE,
create-referral-link,true,false,false,false,,other,LOW,false,TBD,/referral-link,DELETE_CANDIDATE,
create-signature-envelope,true,true,false,false,src/components/signatures/SendForSignatureDrawer.tsx,signature,LOW,false,signature-api,/signature-envelope,MIGRATE,
create-supplement-case,true,true,false,false,src/pages/SupplementEngine.tsx|docs/SUPPLEMENT_BACKEND_AUDIT.md,other,LOW,false,TBD,/supplement-case,MIGRATE,
crew-gps-sync,true,true,false,false,src/components/crew/CrewPortal.tsx,other,LOW,false,TBD,/gps-sync,MIGRATE,
crm-ai-agent,true,true,true,false,src/features/dashboard/components/DashboardAIAssistant.tsx|supabase/functions/backfill-ai-usage/index.ts,ai,MEDIUM,false,ai-api,/ai-agent,MIGRATE,
crm-referral-approve-payout,true,false,false,false,,other,LOW,false,TBD,/referral-approve-payout,DELETE_CANDIDATE,
crm-referral-create-link,true,false,false,false,,other,LOW,false,TBD,/referral-create-link,DELETE_CANDIDATE,
crm-referral-evaluate-payout,true,false,false,false,,other,LOW,false,TBD,/referral-evaluate-payout,DELETE_CANDIDATE,
crm-referral-export-csv,true,true,false,false,src/lib/crmReferrals/api.ts,other,LOW,false,TBD,/referral-export-csv,MIGRATE,
crm-referral-mark-paid,true,false,false,false,,other,LOW,false,TBD,/referral-mark-paid,DELETE_CANDIDATE,
crm-referral-register-signup,true,false,false,false,,other,LOW,false,TBD,/referral-register-signup,DELETE_CANDIDATE,
crm-referral-resolve-flag,true,false,false,false,,other,LOW,false,TBD,/referral-resolve-flag,DELETE_CANDIDATE,
crm-referral-track-click,true,false,false,false,,other,LOW,false,TBD,/referral-track-click,DELETE_CANDIDATE,
customer-portal-access,true,true,false,false,src/components/lead-details/CustomerPortalButton.tsx|src/features/portal/components/CustomerDocumentsTab.tsx|src/features/portal/components/CustomerLogin.tsx|src/features/portal/components/CustomerPaymentSection.tsx|src/features/portal/hooks/useCustomerPortal.ts|src/pages/CustomerPortalPublic.tsx|src/pages/PublicPortalView.tsx,other,LOW,false,TBD,/portal-access,MIGRATE,
daily-company-backup,true,true,false,false,src/components/settings/BackupStatusDashboard.tsx,backup,LOW,false,backup-api,/company-backup,MIGRATE,
debug-footprint-sources,true,true,false,false,src/components/measurements/RoofrStyleReportPreview.tsx,measurement,LOW,false,measurement-api,/footprint-sources,MIGRATE,
debug-measurement-runtime,true,false,false,true,docs/fonsica-rerun-prereqs.md|docs/measurement-route-audit.md|docs/measurement-runtime-audit.md|docs/fonsica-rerun-20260522.md,measurement,MEDIUM,false,measurement-api,/measurement-runtime,SHIM,
delete-ai-measurements,true,true,false,false,src/components/measurements/UnifiedMeasurementPanel.tsx,measurement,MEDIUM,false,measurement-api,/ai-measurements,MIGRATE,
delete-company,true,true,false,false,src/pages/admin/CompanyAdminPage.tsx,other,LOW,false,TBD,/company,MIGRATE,
delete-documents,true,true,false,false,src/components/ApprovalRequirementsBubbles.tsx|src/components/DocumentsTab.tsx|src/components/measurements/ApprovedMeasurementsList.tsx|src/features/documents/components/SmartDocs.tsx,document,LOW,false,document-api,/documents,MIGRATE,
delete-pipeline-entry,true,true,false,false,src/features/pipeline/components/KanbanPipeline.tsx|src/features/pipeline/components/Pipeline.tsx,pipeline,LOW,false,pipeline-api,/pipeline-entry,MIGRATE,
detect-building-footprint,true,true,true,false,src/components/measurements/MeasurementDisplayCard.tsx|supabase/functions/analyze-roof-aerial/index.ts,measurement,MEDIUM,false,measurement-api,/building-footprint,MIGRATE,
detect-building-structure,true,true,false,false,src/components/measurements/MeasurementVerificationDialog.tsx|src/components/roof-measurement/MeasurementWorkflow.tsx,other,LOW,false,TBD,/building-structure,MIGRATE,
detect-roof-obstruction,true,true,false,false,src/components/measurements/TarpDetectionBadge.tsx,roof-report-ingest,LOW,false,roof-report-ingest,/roof-obstruction,MIGRATE,
document-api,true,false,false,true,docs/edge-function-current-status.md,document,LOW,false,document-api,/api,SHIM,
document-generator-engine,true,false,false,false,,document,LOW,false,document-api,/generator-engine,DELETE_CANDIDATE,
document-template-manager,true,false,false,false,,document,LOW,false,document-api,/template-manager,DELETE_CANDIDATE,
docusign-auth,true,false,true,false,supabase/functions/docusign-create-envelope/index.ts|supabase/functions/docusign-embedded-views/index.ts|supabase/functions/docusign-send-envelope/index.ts|supabase/functions/docusign-update-docgen/index.ts,signature,HIGH,false,signature-api,/auth,MIGRATE,
docusign-create-envelope,true,true,false,false,src/components/docusign/SendForSignatureDrawer.tsx,signature,LOW,false,signature-api,/create-envelope,MIGRATE,
docusign-embedded-views,true,true,false,false,src/components/docusign/SendForSignatureDrawer.tsx|src/components/docusign/SignNowModal.tsx,signature,LOW,false,signature-api,/embedded-views,MIGRATE,
docusign-send-envelope,true,true,false,false,src/components/docusign/SendForSignatureDrawer.tsx,signature,LOW,false,signature-api,/send-envelope,MIGRATE,
docusign-update-docgen,true,true,false,false,src/components/docusign/SendForSignatureDrawer.tsx,signature,LOW,false,signature-api,/update-docgen,MIGRATE,
docusign-webhook,true,false,false,true,docs/EDGE_FUNCTION_CONSOLIDATION_AUDIT.md|docs/EDGE_FUNCTION_RULES.md|docs/edge-function-current-status.md,signature,HIGH,true,signature-webhook,/docusign,KEEP,
door-knock-strategy,true,true,false,false,src/components/storm-canvass/PropertyInfoPanel.tsx,other,LOW,false,TBD,/knock-strategy,MIGRATE,
duplicate-merger,true,true,false,false,src/features/contacts/components/DuplicateDetection.tsx,other,LOW,false,TBD,/merger,MIGRATE,
dynamic-pricing-calculator,true,true,false,false,src/components/DynamicPricingEngine.tsx,other,LOW,false,TBD,/pricing-calculator,MIGRATE,
edge-health-check,true,true,false,false,src/components/settings/EdgeFunctionHealthDashboard.tsx,health,LOW,false,health-api,/health-check,MIGRATE,
email-api,true,true,false,false,src/components/communication/QuickEmailDialog.tsx|src/components/communications/EmailActivityDashboard.tsx|src/components/contact-profile/ContactCommunicationTab.tsx|src/components/estimates/ShareEstimateDialog.tsx|src/components/measurements/MeasurementShareDialog.tsx|src/components/measurements/ReportShareDialog.tsx|src/components/orders/LaborOrderExport.tsx|src/components/orders/ShareMaterialsButton.tsx,email,LOW,false,email-api,/api,MIGRATE,
email-send,true,false,true,false,supabase/functions/ai-followup-dispatch/index.ts|supabase/functions/assign-contact-task/index.ts|supabase/functions/generate-proposal/index.ts|supabase/functions/send-mention-notification/index.ts|supabase/functions/smartwords-analyzer/index.ts,email,MEDIUM,false,email-api,/send,MIGRATE,
email-sequence-engine,true,false,false,false,,email,LOW,false,email-worker,/sequence/process,DELETE_CANDIDATE,
email-sequence-manager,true,false,false,false,,email,LOW,false,email-worker,/sequence/process,DELETE_CANDIDATE,
email-signature-request,true,false,true,false,supabase/functions/resend-signature-request/index.ts|supabase/functions/send-document-for-signature/index.ts,email,MEDIUM,false,email-api,/signature-request,MIGRATE,
email-worker,true,false,false,true,docs/edge-function-current-status.md,email,MEDIUM,false,email-api,/worker,SHIM,
evaluate-referral-eligibility,true,false,false,true,docs/referral-automation-qa.md,other,LOW,false,TBD,/referral-eligibility,SHIM,
excel-style-estimate-calculator,true,true,false,false,src/components/EnhancedEstimateBuilder.tsx,other,LOW,false,TBD,/style-estimate-calculator,MIGRATE,
export-job-analytics,true,true,false,false,src/components/JobAnalyticsDashboard.tsx|docs/reporting-features.md|supabase/functions/export-job-analytics/README.md,job,LOW,false,job-api,/job-analytics,MIGRATE,
export-supplement-report,true,true,false,false,src/hooks/useScopeIntelligence.ts|docs/SUPPLEMENT_BACKEND_AUDIT.md,other,LOW,false,TBD,/supplement-report,MIGRATE,
export-unet-training-set,true,true,false,false,src/components/settings/CoverageGapPanel.tsx|src/components/settings/VendorVerificationDashboard.tsx,training-data,LOW,false,training-data-api,/unet-training-set,MIGRATE,
external-lead-webhook,true,true,false,false,src/components/settings/ApiKeyManager.tsx|src/components/settings/WebsiteIntegration.tsx|docs/EDGE_FUNCTION_CONSOLIDATION_AUDIT.md|docs/edge-function-current-status.md,webhook,HIGH,true,webhook-api,/lead-webhook,KEEP,
extract-blueprint-specs,true,true,true,false,src/integrations/blueprintApi.ts|supabase/functions/extract-roof-plan-geometry/index.ts,other,MEDIUM,false,TBD,/blueprint-specs,MIGRATE,
extract-roof-plan-geometry,true,true,true,false,src/integrations/blueprintApi.ts|supabase/functions/classify-blueprint-pages/index.ts,other,MEDIUM,false,TBD,/roof-plan-geometry,MIGRATE,
fetch-mapbox-imagery,true,true,false,false,src/components/roof-measurement/MeasurementWorkflow.tsx,map,LOW,false,map-api,/mapbox-imagery,MIGRATE,
finalize-envelope,true,false,true,false,supabase/functions/submit-signature/index.ts,other,MEDIUM,false,TBD,/envelope,MIGRATE,
financing-status-tracker,true,false,false,false,,other,LOW,false,TBD,/status-tracker,DELETE_CANDIDATE,
generate-campaign-messages,true,true,false,false,src/components/communications/TextBlastCreator.tsx|src/components/communications/TextBlastDetail.tsx,other,LOW,false,TBD,/campaign-messages,MIGRATE,
generate-contract-reports,true,true,false,false,src/features/reports/components/ContractReportsDashboard.tsx|docs/CONTRACT_REPORTS.md,other,LOW,false,TBD,/contract-reports,MIGRATE,
generate-estimate-from-measurement,true,true,true,false,src/components/xact-scope/XactScopeBuilder.tsx|supabase/functions/parse-roof-report/index.ts,measurement,MEDIUM,false,measurement-api,/estimate-from-measurement,MIGRATE,
generate-estimate-pdf,true,false,true,false,supabase/functions/send-signature-envelope/index.ts,other,MEDIUM,false,TBD,/estimate-pdf,MIGRATE,
generate-measurement-visualization,true,true,true,false,src/components/measurements/MeasurementQualityDashboard.tsx|src/components/measurements/MeasurementVerificationDialog.tsx|src/components/measurements/SimpleMeasurementCanvas.tsx|supabase/functions/batch-regenerate-measurements/index.ts|supabase/functions/measure/index.ts|TEST-RESULTS-45-COMPREHENSIVE.md|docs/phase-5-testing-checklist.md,measurement,MEDIUM,false,measurement-api,/measurement-visualization,MIGRATE,
generate-presentation,true,true,false,false,src/components/presentations/PresentationCard.tsx|src/hooks/useGeneratePresentation.ts,other,LOW,false,TBD,/presentation,MIGRATE,
generate-proposal,true,true,false,false,src/components/proposals/ProposalBuilder.tsx|src/hooks/useProposalGenerator.ts|src/pages/PublicProposalView.tsx,other,LOW,false,TBD,/proposal,MIGRATE,
generate-roof-line-overlay,true,true,true,false,src/components/settings/VendorVerificationDashboard.tsx|src/hooks/useRoofLineOverlay.ts|supabase/functions/measure/index.ts,other,MEDIUM,false,TBD,/roof-line-overlay,MIGRATE,
generate-roof-overlay,true,true,true,false,src/hooks/useRoofOverlay.ts|supabase/functions/measure/index.ts,roof-report-ingest,MEDIUM,false,roof-report-ingest,/roof-overlay,MIGRATE,
generate-roof-report,true,true,false,false,src/components/roof-measurement/RoofMeasurementTool.tsx|docs/measurement-runtime-audit.md|docs/fonsica-rerun-20260522.md,roof-report-ingest,LOW,false,roof-report-ingest,/roof-report,MIGRATE,
generate-scope-document,true,true,false,false,src/components/insurance/ScopeDocumentBuilder.tsx|docs/SUPPLEMENT_BACKEND_AUDIT.md,document,LOW,false,document-api,/scope-document,MIGRATE,
generate-supplement,true,true,false,false,src/pages/SupplementEngine.tsx|docs/SUPPLEMENT_BACKEND_AUDIT.md,other,LOW,false,TBD,/supplement,MIGRATE,
generate-supplement-packet,true,true,false,false,src/pages/SupplementWorkflow.tsx|docs/SUPPLEMENT_BACKEND_AUDIT.md,other,LOW,false,TBD,/supplement-packet,MIGRATE,
generate-supplement-report,true,true,false,false,src/hooks/useXactComparison.ts|docs/SUPPLEMENT_BACKEND_AUDIT.md,other,LOW,false,TBD,/supplement-report,MIGRATE,
generate-supplement-report-v2,true,true,false,false,src/hooks/useScopeIntelligence.ts|docs/SUPPLEMENT_BACKEND_AUDIT.md,other,LOW,false,TBD,/supplement-report-v2,MIGRATE,
generate-training-pair,true,false,false,false,,training-data,LOW,false,training-data-api,/training-pair,DELETE_CANDIDATE,
get-blueprint-document,true,true,false,false,src/integrations/blueprintApi.ts,document,LOW,false,document-api,/blueprint-document,MIGRATE,
get-change-order-by-token,true,true,false,false,src/pages/PublicChangeOrderView.tsx,other,LOW,false,TBD,/change-order-by-token,MIGRATE,
get-google-maps-key,true,true,false,false,src/hooks/useGoogleMapsToken.ts,map,LOW,false,map-api,/google-maps-key,MIGRATE,
get-mapbox-token,true,true,false,false,src/components/measurements/AddressReverificationButton.tsx|src/components/measurements/HistoricalImageryComparison.tsx|src/components/measurements/MeasurementVerificationDialog.tsx|src/components/measurements/StructureSelectionMap.tsx|src/hooks/useMapboxToken.ts,map,LOW,false,map-api,/mapbox-token,MIGRATE,
get-public-crm-referral-page,true,false,false,true,src/lib/companyReferrals/IMPLEMENTATION_STATUS.md,other,LOW,false,TBD,/public-crm-referral-page,SHIM,
google-address-validation,true,true,true,false,src/components/measurements/BulkReportImporter.tsx|src/components/measurements/MeasurementTestPanel.tsx|src/lib/addressValidation.ts|src/shared/components/forms/AddressValidation.tsx|supabase/functions/measure/index.ts,map,MEDIUM,false,map-api,/address-validation,MIGRATE,
google-calendar-oauth,true,true,false,false,src/components/settings/GeneralSettings.tsx,other,HIGH,false,TBD,/calendar-oauth,MIGRATE,
google-maps-proxy,true,true,true,false,src/components/LeadCreationDialog.tsx|src/components/SatelliteMeasurement.tsx|src/components/measurement/EnhancedSatelliteMeasurement.tsx|src/components/roof-measurement/RoofMeasurementTool.tsx|src/components/settings/TrainingSessionDetail.tsx|src/components/storm-canvass/AddressSearchBar.tsx|src/hooks/useMeasurementCoordinates.ts|src/pages/storm-canvass/LiveCanvassingPage.tsx,map,MEDIUM,false,map-api,/maps-proxy,MIGRATE,
handle-email-suppression,true,false,false,false,,email,LOW,false,email-api,/email-suppression,DELETE_CANDIDATE,
handle-email-unsubscribe,true,true,false,false,src/pages/Unsubscribe.tsx,email,LOW,false,email-api,/email-unsubscribe,MIGRATE,
health-api,true,false,false,true,docs/edge-function-current-status.md,health,LOW,false,health-api,/api,SHIM,
historical-imagery-fetch,true,true,false,false,src/components/measurements/HistoricalImageryComparison.tsx,other,LOW,false,TBD,/imagery-fetch,MIGRATE,
homeowner-ai-chat,true,true,false,false,src/components/homeowner/HomeownerAIChat.tsx|src/features/portal/components/CommunicationHub.tsx,ai,LOW,false,ai-api,/ai-chat,MIGRATE,
homeowner-magic-link,true,true,false,false,src/components/auth/PortalAuthentication.tsx,other,LOW,false,TBD,/magic-link,MIGRATE,
homeowner-magic-link-verify,true,false,false,false,,other,LOW,false,TBD,/magic-link-verify,DELETE_CANDIDATE,
homeowner-password,true,true,false,false,src/pages/HomeownerSetupAccount.tsx,other,HIGH,false,TBD,/password,MIGRATE,
homeowner-portal-invite,true,true,false,false,src/components/admin/PortalUserDetail.tsx,other,LOW,false,TBD,/portal-invite,MIGRATE,
import-canvass-contacts,true,true,false,false,src/pages/storm-canvass/ImportContacts.tsx,contact,LOW,false,contact-api,/canvass-contacts,MIGRATE,
import-supplier-price-list,true,true,false,false,src/pages/MaterialAuditPage.tsx,supplier,LOW,false,supplier-api,/supplier-price-list,MIGRATE,
initialize-company,true,true,false,false,src/components/settings/EnhancedCompanyOnboarding.tsx|src/pages/admin/CompanyAdminPage.tsx,company,LOW,false,company-api,/company,MIGRATE,
initialize-user-context,true,true,false,false,src/pages/SetupAccount.tsx,user,LOW,false,user-api,/user-context,MIGRATE,
inventory-audit-processor,true,false,false,false,,other,LOW,false,TBD,/audit-processor,DELETE_CANDIDATE,
inventory-manager,true,false,false,false,,other,LOW,false,TBD,/manager,DELETE_CANDIDATE,
job-api,true,false,false,true,docs/edge-function-current-status.md,job,LOW,false,job-api,/api,SHIM,
labor-order-send-email,true,false,false,true,docs/EDGE_FUNCTION_CONSOLIDATION_AUDIT.md,email,LOW,false,email-api,/order-send-email,SHIM,
lead-attribution-tracker,true,true,false,false,src/pages/FacebookMarketingDashboard.tsx,other,LOW,false,TBD,/attribution-tracker,MIGRATE,
link-blueprint-details,true,true,true,false,src/integrations/blueprintApi.ts|supabase/functions/extract-blueprint-specs/index.ts,other,MEDIUM,false,TBD,/blueprint-details,MIGRATE,
link-document-invoice,true,true,false,false,src/components/DocumentsTab.tsx,document,LOW,false,document-api,/document-invoice,MIGRATE,
link-unmatched-to-contact,true,true,false,false,src/components/communications/UnmatchedInboxDetail.tsx,contact,LOW,false,contact-api,/unmatched-to-contact,MIGRATE,
location-phone-provision,true,true,false,false,src/components/admin/PhoneProvisioningPanel.tsx,other,LOW,false,TBD,/phone-provision,MIGRATE,
lock-original-costs,true,true,false,false,src/components/estimates/TemplateSectionSelector.tsx,other,LOW,false,TBD,/original-costs,MIGRATE,
log-activity,true,true,false,false,src/services/activityTracker.ts,other,LOW,false,TBD,/activity,MIGRATE,
log-auth-activity,true,true,false,false,src/components/settings/SecurityAudit.tsx|src/pages/Login.tsx|src/pages/SetupAccount.tsx,other,HIGH,false,TBD,/auth-activity,MIGRATE,
log-health-check,true,true,false,false,src/lib/MonitoringSelfHealing.ts,health,LOW,false,health-api,/health-check,MIGRATE,
log-performance-metric,true,true,false,false,src/lib/performanceTracker.ts,other,LOW,false,TBD,/performance-metric,MIGRATE,
log-system-crash,true,true,false,false,src/lib/MonitoringSelfHealing.ts|src/lib/apiInterceptor.ts,other,LOW,false,TBD,/system-crash,MIGRATE,
log-system-metrics,true,true,false,false,src/lib/MonitoringSelfHealing.ts,other,LOW,false,TBD,/system-metrics,MIGRATE,
map-api,true,false,false,true,docs/edge-function-current-status.md,map,LOW,false,map-api,/api,SHIM,
mark-crm-referral-payout-paid,true,false,false,true,src/lib/companyReferrals/IMPLEMENTATION_STATUS.md,other,LOW,false,TBD,/crm-referral-payout-paid,SHIM,
mark-referral-payout-paid,true,false,false,false,,other,LOW,false,TBD,/referral-payout-paid,DELETE_CANDIDATE,
marketing-roi-calculator,true,true,false,false,src/pages/FacebookMarketingDashboard.tsx,other,LOW,false,TBD,/roi-calculator,MIGRATE,
material-fulfillment-tracker,true,false,false,false,,supplier,LOW,false,supplier-api,/fulfillment-tracker,DELETE_CANDIDATE,
material-order-processor,true,false,false,false,,supplier,LOW,false,supplier-worker,/order-processor,DELETE_CANDIDATE,
material-order-send-email,true,false,false,true,docs/EDGE_FUNCTION_CONSOLIDATION_AUDIT.md,email,LOW,false,email-api,/order-send-email,SHIM,
material-pricing-api,true,true,false,false,src/hooks/useLivePricing.ts|docs/edge-function-current-status.md,supplier,LOW,false,supplier-api,/pricing-api,MIGRATE,
measure,true,true,true,false,src/components/measurements/EdgeConfirmationWizard.tsx|src/components/measurements/SimpleMeasurementCanvas.tsx|src/components/roof-measurement/RoofMeasurementTool.tsx|src/components/settings/CoverageGapPanel.tsx|src/components/settings/TrainingComparisonView.tsx|src/components/settings/VendorVerificationDashboard.tsx|src/components/settings/training/DeviationAnalysisCard.tsx|src/components/storm-canvass/FastEstimateModal.tsx,measurement,MEDIUM,false,measurement-api,/measure,MIGRATE,
measure-roof,true,false,false,true,docs/measurement-runtime-audit.md,measurement,LOW,false,measurement-api,/roof,SHIM,
measurement-api,true,false,false,true,docs/edge-function-current-status.md|docs/fonsica-rerun-20260522.md,measurement,MEDIUM,false,measurement-api,/api,SHIM,
measurement-calibration,true,false,true,false,supabase/functions/auto-generate-measurements/index.ts,measurement,MEDIUM,false,measurement-api,/calibration,MIGRATE,
measurement-learning-loop,true,false,true,false,supabase/functions/start-ai-measurement/index.legacy.ts,measurement,MEDIUM,false,measurement-worker,/learning-loop,MIGRATE,
measurement-worker,true,false,false,true,docs/edge-function-current-status.md,measurement,MEDIUM,false,measurement-worker,/worker,SHIM,
merge-document-tags,true,true,false,false,src/components/leads/AddSmartDocToLeadDialog.tsx|src/features/documents/components/ApplyDocumentToLeadDialog.tsx,document,LOW,false,document-api,/document-tags,MIGRATE,
messaging-api,true,true,false,false,src/components/communications/TextBlastCreator.tsx|src/components/communications/TextBlastDetail.tsx|src/components/contact-profile/ContactCommunicationTab.tsx|src/components/measurements/MeasurementShareDialog.tsx|src/components/settings/TelnyxIntegrationPanel.tsx|src/hooks/useCommunications.ts|src/hooks/useSendSMS.ts|docs/EDGE_FUNCTION_RULES.md,other,MEDIUM,false,TBD,/api,MIGRATE,
messaging-inbound-webhook,true,true,false,false,src/components/settings/TelnyxIntegrationPanel.tsx|docs/EDGE_FUNCTION_CONSOLIDATION_AUDIT.md|docs/edge-function-current-status.md|docs/messaging-consolidation-report.md|docs/module-a-messaging-status.md,messaging,HIGH,true,messaging-webhook,/generic/inbound,KEEP,
messaging-queue-processor,true,false,false,true,docs/messaging-consolidation-report.md|docs/module-a-messaging-status.md,other,MEDIUM,false,TBD,/queue-processor,SHIM,
messaging-send-email,true,false,false,true,docs/module-a-messaging-status.md,email,MEDIUM,false,email-api,/send,SHIM,
messaging-send-sms,true,false,true,false,supabase/functions/proposal-webhook/index.ts|docs/messaging-consolidation-report.md|docs/module-a-messaging-status.md,messaging,MEDIUM,false,messaging-api,/sms/send,MIGRATE,
messaging-webhook,true,false,false,true,docs/EDGE_FUNCTION_CONSOLIDATION_AUDIT.md|docs/edge-function-current-status.md|docs/messaging-consolidation-report.md,webhook,HIGH,true,webhook-api,/webhook,KEEP,
messaging-worker,true,false,false,true,docs/edge-function-current-status.md|docs/messaging-consolidation-report.md,other,MEDIUM,false,TBD,/worker,SHIM,
meta-capi,true,true,true,false,src/components/settings/MetaCAPISettings.tsx|src/hooks/useMetaPixel.ts|supabase/functions/create-lead-with-contact/index.ts|supabase/functions/pipeline-drag-handler/index.ts,other,MEDIUM,false,TBD,/capi,MIGRATE,
mobile-session,true,true,false,false,src/lib/mobileBootstrap.ts,auth,LOW,false,auth-api,/session,MIGRATE,
mobile-upload,true,true,false,false,src/pages/MobileJobPhotos.tsx,other,LOW,false,TBD,/upload,MIGRATE,
noaa-storm-reports,true,true,false,false,src/components/storm-canvass/PropertyInfoPanel.tsx,storm,LOW,false,storm-api,/storm-reports,MIGRATE,
notify-signature-opened,true,false,false,false,,signature,LOW,false,signature-api,/signature-opened,DELETE_CANDIDATE,
optimize-crew-route,true,true,false,false,src/components/dispatch/CrewRouteOptimizer.tsx,other,LOW,false,TBD,/crew-route,MIGRATE,
parse-blueprint-document,true,true,false,false,src/integrations/blueprintApi.ts|src/pages/BlueprintReviewPage.tsx|src/pages/BlueprintsPage.tsx,document,LOW,false,document-api,/blueprint-document,MIGRATE,
parse-carrier-estimate,true,true,false,false,src/pages/SupplementWorkflow.tsx,other,LOW,false,TBD,/carrier-estimate,MIGRATE,
parse-invoice-document,true,true,false,false,src/components/estimates/PaymentsTab.tsx|src/components/materials/BulkInvoiceImportDialog.tsx|src/components/production/BatchMaterialInvoiceCard.tsx|src/components/production/InvoiceUploadCard.tsx|src/features/change-orders/components/ChangeOrderForm.tsx,document,LOW,false,document-api,/invoice-document,MIGRATE,
parse-price-list-document,true,true,false,false,src/pages/MaterialAuditPage.tsx,supplier,LOW,false,supplier-api,/price-list-document,MIGRATE,
parse-roof-report,true,true,false,false,src/components/xact-scope/XactScopeBuilder.tsx,roof-report-ingest,LOW,false,roof-report-ingest,/roof-report,MIGRATE,
parse-supplier-quote,true,true,false,false,src/components/estimates/SupplierQuoteUploader.tsx|src/components/templates/TemplateVendorQuotes.tsx,supplier,LOW,false,supplier-api,/supplier-quote,MIGRATE,
payment-api,true,false,false,true,docs/EDGE_FUNCTION_RULES.md|docs/edge-function-current-status.md,other,HIGH,false,TBD,/api,SHIM,
pdf-ai-rewrite,true,true,false,false,src/hooks/usePdfAiRewrite.ts|src/lib/pdf-engine/PdfAiRewriter.ts,pdf,LOW,false,pdf-api,/ai-rewrite,MIGRATE,
pdf-api,true,false,false,true,docs/edge-function-current-status.md,pdf,LOW,false,pdf-api,/api,SHIM,
pdf-compile,true,false,false,false,,pdf,LOW,false,pdf-api,/compile,DELETE_CANDIDATE,
pdf-extract-text,true,false,false,false,,pdf,LOW,false,pdf-api,/extract-text,DELETE_CANDIDATE,
pdf-ocr,true,true,false,false,src/lib/pdf-engine/PdfOCRPipeline.ts|src/lib/pdf-engine/PdfOcrEngine.ts,pdf,LOW,false,pdf-api,/ocr,MIGRATE,
pdf-parse,true,false,false,false,,pdf,LOW,false,pdf-api,/parse,DELETE_CANDIDATE,
pdf-render-page,true,false,false,false,,pdf,LOW,false,pdf-api,/render-page,DELETE_CANDIDATE,
permit-api,true,false,false,true,docs/edge-function-current-status.md,permit,LOW,false,permit-api,/api,SHIM,
permit-detect-jurisdiction,true,true,false,false,src/components/permits/PermitCaseDetailSheet.tsx,permit,LOW,false,permit-api,/detect-jurisdiction,MIGRATE,
permit-fetch-property-data,true,true,false,false,src/components/permits/PermitCaseDetailSheet.tsx,permit,LOW,false,permit-api,/fetch-property-data,MIGRATE,
permit_build_case,true,true,true,false,src/components/permits/PermitCaseDetailSheet.tsx|supabase/functions/permit_build_case/index.ts,permit,MEDIUM,false,permit-api,/permit_build_case,MIGRATE,
permit_generate_documents,true,true,true,false,src/components/permits/PermitCaseDetailSheet.tsx|supabase/functions/permit_generate_documents/index.ts,document,MEDIUM,false,document-api,/permit_generate_documents,MIGRATE,
photo-upload,true,true,false,false,src/components/ApprovalRequirementsBubbles.tsx|src/hooks/usePhotos.ts,other,LOW,false,TBD,/upload,MIGRATE,
pipeline-api,true,false,false,true,docs/edge-function-current-status.md,pipeline,LOW,false,pipeline-api,/api,SHIM,
pipeline-drag-handler,true,true,false,false,src/features/pipeline/components/KanbanPipeline.tsx|src/features/pipeline/components/Pipeline.tsx,pipeline,LOW,false,pipeline-api,/drag-handler,MIGRATE,
pipeline-status,true,true,false,false,src/pages/LeadDetails.tsx,pipeline,LOW,false,pipeline-api,/status,MIGRATE,
polish-inspection-notes,true,true,false,false,src/components/inspection/useInspectionReportPDF.ts,other,LOW,false,TBD,/inspection-notes,MIGRATE,
power-dialer-controller,true,true,false,false,src/pages/PowerDialerAgent.tsx|docs/RATE_LIMITING.md,other,LOW,false,TBD,/dialer-controller,MIGRATE,
preview-transactional-email,true,false,false,false,,email,LOW,false,email-api,/transactional-email,DELETE_CANDIDATE,
process-achievement-unlock,true,true,false,false,src/components/canvass/ActivityLogger.tsx,other,LOW,false,TBD,/achievement-unlock,MIGRATE,
production-workflow-manager,true,true,false,false,src/components/ProductionWorkflowTracker.tsx|src/components/WeatherRiskAnalyzer.tsx|src/components/job-details/ProductionTimeline.tsx,other,LOW,false,TBD,/workflow-manager,MIGRATE,
property-data-api,true,false,false,true,docs/edge-function-current-status.md,other,LOW,false,TBD,/data-api,SHIM,
proposal-event-notifications,true,true,false,false,src/pages/PublicProposalView.tsx,other,LOW,false,TBD,/event-notifications,MIGRATE,
proposal-webhook,true,false,true,false,supabase/functions/capture-digital-signature/index.ts|supabase/functions/generate-proposal/index.ts|docs/EDGE_FUNCTION_CONSOLIDATION_AUDIT.md|docs/edge-function-current-status.md,webhook,HIGH,true,webhook-api,/webhook,KEEP,
provision-tenant-owner,true,true,false,false,src/components/settings/PlatformAdmin.tsx|src/features/settings/components/CompanyManagement.tsx,company,LOW,false,company-api,/tenant-owner,MIGRATE,
qbo-api,true,false,false,true,docs/EDGE_FUNCTION_RULES.md|docs/edge-function-current-status.md,qbo,LOW,false,qbo-api,/api,SHIM,
qbo-check-projects-api,true,false,false,true,docs/edge-function-current-status.md,qbo,LOW,false,qbo-api,/check-projects-api,SHIM,
qbo-customer-sync,true,false,true,false,supabase/functions/qbo-invoice-create/index.ts|supabase/functions/qbo-worker/README.md,qbo,MEDIUM,false,qbo-api,/customer-sync,MIGRATE,
qbo-fetch-items,true,true,false,false,src/components/settings/JobTypeQBOMapping.tsx,qbo,LOW,false,qbo-api,/fetch-items,MIGRATE,
qbo-invoice-create,true,true,false,false,src/components/jobs/QuickBooksInvoiceCard.tsx|supabase/functions/qbo-worker/README.md,qbo,LOW,false,qbo-api,/invoice-create,MIGRATE,
qbo-invoice-send,true,false,false,true,supabase/functions/qbo-worker/README.md,qbo,LOW,false,qbo-api,/invoice-send,SHIM,
qbo-oauth-connect,true,true,false,false,src/components/settings/QuickBooksSettings.tsx|supabase/functions/qbo-webhook/README.md,qbo,HIGH,false,qbo-api,/oauth-connect,MIGRATE,
qbo-sync-payment,true,false,false,true,supabase/functions/qbo-webhook/README.md,qbo,HIGH,false,qbo-api,/sync-payment,SHIM,
qbo-webhook,true,false,false,true,docs/EDGE_FUNCTION_CONSOLIDATION_AUDIT.md|docs/EDGE_FUNCTION_RULES.md|docs/edge-function-current-status.md|supabase/functions/qbo-webhook/README.md,qbo,HIGH,true,qbo-webhook,/events,KEEP,
qbo-webhook-handler,true,false,true,false,supabase/functions/qbo-webhook/README.md|docs/EDGE_FUNCTION_CONSOLIDATION_AUDIT.md|docs/EDGE_FUNCTION_RULES.md|docs/edge-function-current-status.md|supabase/functions/qbo-webhook/README.md,qbo,HIGH,true,qbo-webhook,/events,KEEP,
qbo-worker,true,true,true,false,src/components/jobs/QuickBooksInvoiceManager.tsx|src/components/settings/LocationSelector.tsx|src/features/projects/components/ProjectDetails.tsx|supabase/functions/qbo-worker/README.md|docs/COMPETITIVE_ANALYSIS_CONSTRUCTIONBASE.md|docs/edge-function-current-status.md|supabase/functions/qbo-webhook/README.md|supabase/functions/qbo-worker/README.md,qbo,MEDIUM,false,qbo-api,/worker,MIGRATE,
qxo-api,true,false,false,true,docs/edge-function-current-status.md,supplier,LOW,false,supplier-api,/qxo/api,SHIM,
qxo-api-proxy,true,true,false,false,src/components/settings/QXOConnectionSettings.tsx,supplier,LOW,false,supplier-api,/qxo/api-proxy,MIGRATE,
qxo-invoices-v4,true,true,false,false,src/components/settings/QXOActivityPanel.tsx,supplier,LOW,false,supplier-api,/qxo/invoices-v4,MIGRATE,
qxo-orders,true,true,false,false,src/components/settings/QXOActivityPanel.tsx,supplier,LOW,false,supplier-api,/qxo/orders,MIGRATE,
qxo-pricing,true,false,true,false,supabase/functions/srs-price-refresh-scheduler/index.ts,supplier,MEDIUM,false,supplier-api,/qxo/pricing,MIGRATE,
qxo-push-order,true,false,false,false,,supplier,LOW,false,supplier-api,/qxo/push-order,DELETE_CANDIDATE,
qxo-quotes,true,true,false,false,src/components/settings/QXOActivityPanel.tsx|src/components/settings/QXOBrowser.tsx,supplier,LOW,false,supplier-api,/qxo/quotes,MIGRATE,
qxo-save-credentials,true,true,false,false,src/components/settings/QXOConnectionSettings.tsx,supplier,LOW,false,supplier-api,/qxo/save-credentials,MIGRATE,
qxo-submit-order,true,true,false,false,src/components/orders/PushToSupplierDialog.tsx,supplier,LOW,false,supplier-api,/qxo/submit-order,MIGRATE,
qxo-submit-quote-order,true,false,false,false,,supplier,LOW,false,supplier-api,/qxo/submit-quote-order,DELETE_CANDIDATE,
qxo-sync-orchestrator,true,true,false,false,src/components/settings/QXOArDashboard.tsx,supplier,LOW,false,supplier-worker,/qxo/sync,MIGRATE,
recalculate-measurement-from-overrides,true,true,false,false,src/components/measurement/MeasurementOverrideEditor.tsx|docs/measurement-runtime-audit.md,measurement,MEDIUM,false,measurement-api,/measurement-from-overrides,MIGRATE,
record-view-event,true,true,false,false,src/pages/PublicDocumentView.tsx|src/pages/PublicPortalView.tsx,other,LOW,false,TBD,/view-event,MIGRATE,
referral-track-event,true,false,false,false,,other,LOW,false,TBD,/track-event,DELETE_CANDIDATE,
register-mobile-device,true,false,false,false,,user,LOW,false,user-api,/mobile-device,DELETE_CANDIDATE,
regrid-footprint,true,true,false,false,src/components/measurements/InteractiveMapCanvas.tsx,measurement,LOW,false,measurement-api,/footprint,MIGRATE,
render-liquid,true,false,true,false,supabase/functions/automation-processor/index.ts,document,MEDIUM,false,document-api,/liquid,MIGRATE,
render-measurement-pdf,true,true,true,false,src/components/measurements/MeasurementReportDialog.tsx|supabase/functions/start-ai-measurement/index.ts|docs/measurement-route-audit.md|docs/measurement-runtime-audit.md,measurement,MEDIUM,false,measurement-api,/measurement-pdf,MIGRATE,
render-tagged-pdf,true,true,false,false,src/components/admin/SmartDocPickerDialog.tsx|src/components/documents/AddSmartDocToProjectDialog.tsx,document,LOW,false,document-api,/tagged-pdf,MIGRATE,
report-packet-api,true,false,false,true,docs/edge-function-current-status.md,report-packet,LOW,false,report-packet-api,/packet-api,SHIM,
report-packet-generate-pdf,true,true,false,false,src/hooks/useReportPacket.ts,report-packet,LOW,false,report-packet-api,/packet-generate-pdf,MIGRATE,
report-packet-send-resend,true,false,false,true,docs/EDGE_FUNCTION_CONSOLIDATION_AUDIT.md,report-packet,LOW,false,report-packet-api,/packet-send-resend,SHIM,
report-packet-sign,true,false,false,false,,report-packet,LOW,false,report-packet-api,/packet-sign,DELETE_CANDIDATE,
report-packet-upsert-draft,true,true,false,false,src/hooks/useReportPacket.ts,report-packet,LOW,false,report-packet-api,/packet-upsert-draft,MIGRATE,
report-packet-view-event,true,false,false,false,,report-packet,LOW,false,report-packet-api,/packet-view-event,DELETE_CANDIDATE,
request-cost-verification,true,true,false,false,src/components/production/CostReconciliationPanel.tsx|src/components/production/FinalInspectionCostDialog.tsx,other,LOW,false,TBD,/cost-verification,MIGRATE,
request-customer-review,true,true,false,false,src/components/reviews/ReviewRequestManager.tsx,other,LOW,false,TBD,/customer-review,MIGRATE,
request-order-approval,true,true,false,false,src/hooks/useMaterialOrders.ts,other,LOW,false,TBD,/order-approval,MIGRATE,
request-quote-signature,true,true,false,false,src/pages/ViewQuote.tsx,signature,LOW,false,signature-api,/quote-signature,MIGRATE,
resend-inbound-webhook,true,false,false,true,docs/EDGE_FUNCTION_CONSOLIDATION_AUDIT.md|docs/edge-function-current-status.md,webhook,HIGH,true,webhook-api,/inbound-webhook,KEEP,
resend-signature-request,true,true,false,false,src/components/admin/PortalSignatureTracking.tsx,signature,LOW,false,signature-api,/signature-request,MIGRATE,
resend-user-invitation,true,false,false,true,docs/EDGE_FUNCTION_CONSOLIDATION_AUDIT.md,email,LOW,false,email-api,/user-invitation,SHIM,
resend-webhook,true,false,false,true,docs/EDGE_FUNCTION_CONSOLIDATION_AUDIT.md|docs/edge-function-current-status.md,webhook,HIGH,true,webhook-api,/webhook,KEEP,
resolve-supplier-skus,true,true,false,false,src/components/orders/PushToSupplierDialog.tsx,supplier,LOW,false,supplier-api,/supplier-skus,MIGRATE,
restore-company-backup,true,true,false,false,src/components/settings/BackupRestorePanel.tsx,backup,LOW,false,backup-api,/company-backup,MIGRATE,
review-blueprint-page,true,true,false,false,src/integrations/blueprintApi.ts,other,LOW,false,TBD,/blueprint-page,MIGRATE,
roof-report-ingest,true,true,false,false,src/components/estimates/MultiTemplateSelector.tsx|src/components/measurements/BulkReportImporter.tsx|src/components/measurements/ImportMeasurementReport.tsx|src/components/measurements/ImportReportButton.tsx|src/components/measurements/RoofrComparisonPanel.tsx|docs/EDGE_FUNCTION_CONSOLIDATION_AUDIT.md|docs/ai_measurement_architecture_status.md,roof-report-ingest,LOW,false,roof-report-ingest,/report-ingest,MIGRATE,
roofhub-webhook,true,false,true,false,supabase/functions/roofhub-webhook/selftest.test.ts|docs/EDGE_FUNCTION_CONSOLIDATION_AUDIT.md|docs/edge-function-current-status.md,webhook,HIGH,true,webhook-api,/webhook,KEEP,
run-measurement-benchmark,true,false,false,false,,measurement,MEDIUM,false,measurement-api,/measurement-benchmark,DELETE_CANDIDATE,
satellite-tile,true,true,false,false,src/components/measurements/PullMeasurementsButton.tsx|src/components/measurements/UnifiedMeasurementPanel.tsx|src/components/settings/PinConfirmDialog.tsx,map,LOW,false,map-api,/tile,MIGRATE,
save-commission-settings,true,true,false,false,src/components/settings/UserCommissionSettings.tsx,other,LOW,false,TBD,/commission-settings,MIGRATE,
save-manual-footprint,true,true,false,false,src/components/measurements/FootprintDrawingDialog.tsx|src/components/measurements/FootprintImportDialog.tsx,measurement,LOW,false,measurement-api,/manual-footprint,MIGRATE,
save-referral-payout-preference,true,false,false,false,,other,LOW,false,TBD,/referral-payout-preference,DELETE_CANDIDATE,
scope-backfill-documents,true,false,false,true,docs/SUPPLEMENT_BACKEND_AUDIT.md,document,LOW,false,document-api,/backfill-documents,SHIM,
scope-comparison-analyze,true,false,false,true,docs/SUPPLEMENT_BACKEND_AUDIT.md,other,LOW,false,TBD,/comparison-analyze,SHIM,
scope-document-ingest,true,true,true,false,src/components/insurance/ScopeBulkUploader.tsx|src/features/projects/components/ProjectInsuranceTab.tsx|src/hooks/useScopeDocumentsWithFilters.ts|src/hooks/useScopeIntelligence.ts|supabase/functions/scope-backfill-documents/index.ts|docs/SUPPLEMENT_BACKEND_AUDIT.md,document,MEDIUM,false,document-api,/document-ingest,MIGRATE,
scope-network-line-items,true,false,false,true,docs/SUPPLEMENT_BACKEND_AUDIT.md,other,LOW,false,TBD,/network-line-items,SHIM,
scope-network-list,true,false,false,true,docs/SUPPLEMENT_BACKEND_AUDIT.md,other,LOW,false,TBD,/network-list,SHIM,
scope-network-stats,true,false,false,true,docs/SUPPLEMENT_BACKEND_AUDIT.md,other,LOW,false,TBD,/network-stats,SHIM,
score-lead,true,true,false,false,src/features/contacts/components/LeadScoringActions.tsx|docs/COMPETITIVE_ANALYSIS_CONSTRUCTIONBASE.md,other,LOW,false,TBD,/lead,MIGRATE,
score-roof-accuracy,true,false,true,false,supabase/functions/start-ai-measurement/index.legacy.ts,measurement,MEDIUM,false,measurement-api,/roof-accuracy,MIGRATE,
scrape-county-permits,true,true,false,false,src/hooks/useCountyPermits.ts,permit,LOW,false,permit-api,/county-permits,MIGRATE,
security-api,true,false,false,true,docs/edge-function-current-status.md,security,LOW,false,security-api,/api,SHIM,
seed-company-owners,true,true,false,false,src/pages/admin/CompanyAdminPage.tsx,other,LOW,false,TBD,/company-owners,MIGRATE,
send-account-deactivation,true,true,false,false,src/pages/admin/CompanyAdminPage.tsx,other,LOW,false,TBD,/account-deactivation,MIGRATE,
send-booking-invite,true,true,false,false,src/components/settings/DemoRequestsPanel.tsx,other,LOW,false,TBD,/booking-invite,MIGRATE,
send-communication,true,false,false,true,docs/messaging-consolidation-report.md,other,LOW,false,TBD,/communication,SHIM,
send-company-onboarding,true,true,false,false,src/components/settings/BulkOnboardingPanel.tsx|src/components/settings/CreateCompanyFromDemoDialog.tsx|src/components/settings/EmailDiagnosticsPanel.tsx|src/components/settings/EnhancedCompanyOnboarding.tsx|src/pages/admin/CompanyAdminPage.tsx|src/pages/auth/RequestSetupLink.tsx,email,LOW,false,email-api,/company-onboarding,MIGRATE,
send-demo-request,true,true,false,false,src/pages/DemoRequest.tsx,email,LOW,false,email-api,/demo-request,MIGRATE,
send-document-for-signature,true,true,false,false,src/components/estimates/ShareEstimateDialog.tsx|src/components/signatures/RequestSignatureDialog.tsx,signature,LOW,false,signature-api,/document-for-signature,MIGRATE,
send-email,true,false,false,true,docs/CONTRACT_REPORTS.md|docs/EDGE_FUNCTION_CONSOLIDATION_AUDIT.md|docs/module-a-messaging-status.md|docs/reporting-features.md|supabase/functions/export-job-analytics/README.md,email,LOW,false,email-api,/send,SHIM,
send-mention-notification,true,true,false,false,src/components/contact-profile/ContactNotesSection.tsx|src/components/lead-details/InternalNotesSection.tsx,other,LOW,false,TBD,/mention-notification,MIGRATE,
send-password-reset,true,false,false,true,docs/EDGE_FUNCTION_CONSOLIDATION_AUDIT.md,other,HIGH,false,TBD,/password-reset,SHIM,
send-platform-announcement,true,true,false,false,src/components/settings/PlatformCommunications.tsx,other,LOW,false,TBD,/platform-announcement,MIGRATE,
send-quote-email,true,false,false,true,docs/EDGE_FUNCTION_CONSOLIDATION_AUDIT.md,email,LOW,false,email-api,/quote-email,SHIM,
send-signature-envelope,true,true,false,false,src/components/signatures/SendForSignatureDrawer.tsx,signature,LOW,false,signature-api,/signature-envelope,MIGRATE,
send-sms,true,false,true,false,supabase/functions/telnyx-ai-agent-enhanced/index.ts|docs/messaging-consolidation-report.md|docs/module-a-messaging-status.md,messaging,MEDIUM,false,messaging-api,/sms/send,MIGRATE,
send-test-onboarding,true,true,false,false,src/components/settings/BulkOnboardingPanel.tsx,email,LOW,false,email-api,/test-onboarding,MIGRATE,
send-transactional-email,true,false,false,false,,email,LOW,false,email-api,/transactional-email,DELETE_CANDIDATE,
send-user-invitation,true,true,true,false,src/components/admin/EmailLogViewer.tsx|supabase/functions/admin-create-user/handler.ts|supabase/functions/resend-user-invitation/index.ts|supabase/functions/seed-company-owners/index.ts|docs/EDGE_FUNCTION_CONSOLIDATION_AUDIT.md,email,MEDIUM,false,email-api,/user-invitation,MIGRATE,
share-change-order,true,true,false,false,src/components/estimates/ChangeOrdersTab.tsx,other,LOW,false,TBD,/change-order,MIGRATE,
sign-change-order,true,true,false,false,src/pages/PublicChangeOrderView.tsx,other,LOW,false,TBD,/change-order,MIGRATE,
signature-api,true,false,false,true,docs/EDGE_FUNCTION_CONSOLIDATION_AUDIT.md|docs/edge-function-current-status.md|docs/fonsica-rerun-20260522.md,signature,LOW,false,signature-api,/api,SHIM,
signature-webhook,true,false,false,true,docs/EDGE_FUNCTION_CONSOLIDATION_AUDIT.md|docs/edge-function-current-status.md,signature,HIGH,true,signature-api,/webhook,KEEP,
signer-open,true,true,false,false,src/pages/PublicSignatureCapture.tsx,signature,LOW,false,signature-api,/open,MIGRATE,
skip-trace-lookup,true,true,false,false,src/components/skip-trace/BulkSkipTraceDialog.tsx|src/components/skip-trace/SkipTraceButton.tsx,property-data,LOW,false,property-data-api,/trace-lookup,MIGRATE,
smart-docs-pdf,true,true,false,false,src/components/documents/ProfessionalTemplatesDialog.tsx|src/components/documents/SmartDocPreviewDrawer.tsx|src/features/pipeline/components/KanbanCard.tsx|docs/CONTRACT_REPORTS.md|docs/reporting-features.md|supabase/functions/export-job-analytics/README.md,document,LOW,false,document-api,/docs-pdf,MIGRATE,
smart-docs-renderer,true,true,false,false,src/components/documents/ProfessionalTemplatesDialog.tsx|src/features/pipeline/components/KanbanCard.tsx,document,LOW,false,document-api,/docs-renderer,MIGRATE,
smartwords-analyzer,true,false,true,false,supabase/functions/voice-transcribe/index.ts,other,MEDIUM,false,TBD,/analyzer,MIGRATE,
sms-auto-responder,true,true,false,false,src/components/settings/SmsAutoResponseConfig.tsx,messaging,LOW,false,messaging-worker,/sms/auto-responder,MIGRATE,
sms-blast-processor,true,false,false,true,docs/messaging-consolidation-report.md,messaging,LOW,false,messaging-worker,/sms/blast/process,SHIM,
sms-conversation-ai,true,false,false,true,docs/messaging-consolidation-report.md,messaging,LOW,false,messaging-api,/sms/conversation-ai,SHIM,
sms-send-reply,true,false,true,false,supabase/functions/ai-followup-dispatch/index.ts|supabase/functions/ai-inbound-router/index.ts|supabase/functions/smartwords-analyzer/index.ts|docs/messaging-consolidation-report.md,messaging,MEDIUM,false,messaging-api,/sms/send,MIGRATE,
srs-api,true,false,false,true,docs/edge-function-current-status.md,supplier,LOW,false,supplier-api,/srs/api,SHIM,
srs-api-proxy,true,true,true,false,src/components/orders/LiveOrderTracker.tsx|src/components/orders/PushToSupplierDialog.tsx|src/components/settings/SRSConnectionSettings.tsx|supabase/functions/srs-api-proxy/index.ts|supabase/functions/srs-order-status-poller/index.ts|supabase/functions/srs-pricelist-backfill/index.ts,supplier,MEDIUM,false,supplier-api,/srs/api-proxy,MIGRATE,
srs-order-status-poller,true,true,false,false,src/components/orders/SRSReconciliationPanel.tsx,supplier,LOW,false,supplier-worker,/srs/order-status-poller,MIGRATE,
srs-price-refresh-scheduler,true,true,false,false,src/components/pricing/PriceSyncControls.tsx,supplier,LOW,false,supplier-worker,/srs/price-refresh-scheduler,MIGRATE,
srs-pricelist-backfill,true,true,false,false,src/components/pricing/SRSPricelistBackfill.tsx,supplier,LOW,false,supplier-api,/srs/pricelist-backfill,MIGRATE,
srs-pricelist-importer,true,true,false,false,src/components/settings/SRSPricelistImporter.tsx,supplier,LOW,false,supplier-worker,/srs/pricelist-importer,MIGRATE,
srs-pricing,true,false,true,false,supabase/functions/material-pricing-api/index.ts|supabase/functions/srs-price-refresh-scheduler/index.ts,supplier,MEDIUM,false,supplier-api,/srs/pricing,MIGRATE,
start-ai-measurement,true,true,true,false,src/hooks/useMeasurementJob.ts|supabase/functions/backfill-ai-usage/index.ts|supabase/functions/measure-roof/index.ts|docs/ai_measurement_architecture_status.md|docs/fonsica-rerun-prereqs.md|docs/measurement-route-audit.md|docs/measurement-runtime-audit.md|docs/fonsica-rerun-20260522.md,measurement,MEDIUM,false,measurement-api,/ai-measurement,MIGRATE,
storm-api,true,false,false,true,docs/edge-function-current-status.md,storm,LOW,false,storm-api,/api,SHIM,
storm-intel-score,true,false,false,false,,storm,LOW,false,storm-api,/intel-score,DELETE_CANDIDATE,
storm-public-lookup,true,true,true,false,src/components/storm-canvass/PropertyInfoPanel.tsx|supabase/functions/canvass-drop-pin/handler.ts|supabase/functions/canvassiq-load-parcels/index.ts,storm,MEDIUM,false,storm-api,/public-lookup,MIGRATE,
stripe-connect-account-status,true,true,false,false,src/components/stripe/ClaimPrizeButton.tsx|src/components/stripe/StripeConnectOnboarding.tsx,payment,HIGH,false,payment-api,/connect-account-status,MIGRATE,
stripe-connect-onboard,true,true,false,false,src/components/stripe/StripeConnectOnboarding.tsx,payment,HIGH,false,payment-api,/connect-onboard,MIGRATE,
stripe-connect-tenant-onboard,true,true,false,false,src/components/stripe/TenantStripeConnectPanel.tsx,payment,HIGH,false,payment-api,/connect-tenant-onboard,MIGRATE,
stripe-connect-tenant-status,true,true,false,false,src/components/stripe/TenantStripeConnectPanel.tsx,payment,HIGH,false,payment-api,/connect-tenant-status,MIGRATE,
stripe-create-payment-link,true,true,false,false,src/components/estimates/PaymentsTab.tsx|src/features/payments/components/EnhancedPaymentForm.tsx|src/pages/AccountsReceivable.tsx,payment,HIGH,false,payment-api,/create-payment-link,MIGRATE,
stripe-customer-portal,true,true,false,false,src/features/payments/components/EnhancedPaymentForm.tsx,payment,HIGH,false,payment-api,/customer-portal,MIGRATE,
stripe-distribute-prize,true,true,false,false,src/components/stripe/ClaimPrizeButton.tsx,payment,HIGH,false,payment-api,/distribute-prize,MIGRATE,
stripe-sync-payment-status,true,true,false,false,src/features/payments/components/PaymentHistory.tsx,stripe,HIGH,false,stripe-worker,/sync-payment-status,MIGRATE,
stripe-webhook,true,false,false,true,docs/EDGE_FUNCTION_CONSOLIDATION_AUDIT.md|docs/EDGE_FUNCTION_RULES.md|docs/edge-function-current-status.md,stripe,HIGH,true,stripe-webhook,/events,KEEP,
stripe-webhook-handler,true,false,false,true,docs/EDGE_FUNCTION_CONSOLIDATION_AUDIT.md|docs/EDGE_FUNCTION_RULES.md|docs/edge-function-current-status.md,stripe,HIGH,true,stripe-webhook,/events,KEEP,
stripe-worker,true,false,false,true,docs/edge-function-current-status.md,payment,HIGH,false,payment-api,/worker,SHIM,
subcontractor-notification,true,true,false,false,src/components/subcontractors/SubcontractorScheduler.tsx,other,LOW,false,TBD,/notification,MIGRATE,
submit-crm-referral-company-signup,true,false,false,true,src/lib/companyReferrals/IMPLEMENTATION_STATUS.md,other,LOW,false,TBD,/crm-referral-company-signup,SHIM,
submit-project-invoice,true,true,false,false,src/components/materials/BulkInvoiceImportDialog.tsx|src/components/production/BatchMaterialInvoiceCard.tsx|src/components/production/InvoiceUploadCard.tsx,other,LOW,false,TBD,/project-invoice,MIGRATE,
submit-referral-lead,true,false,false,false,,other,LOW,false,TBD,/referral-lead,DELETE_CANDIDATE,
submit-signature,true,true,false,false,src/pages/PublicSignatureCapture.tsx,signature,LOW,false,signature-api,/signature,MIGRATE,
sunniland-importer,true,false,false,false,,supplier,LOW,false,supplier-worker,/importer,DELETE_CANDIDATE,
supabase-health,true,true,false,false,src/components/settings/SystemHealthCheck.tsx,health,LOW,false,health-api,/health,MIGRATE,
supplier-api,true,false,false,true,docs/EDGE_FUNCTION_CONSOLIDATION_AUDIT.md|docs/EDGE_FUNCTION_RULES.md|docs/edge-function-current-status.md|docs/fonsica-rerun-20260522.md,supplier,LOW,false,supplier-api,/api,SHIM,
supplier-webhook,true,false,false,true,docs/EDGE_FUNCTION_CONSOLIDATION_AUDIT.md|docs/edge-function-current-status.md,supplier,HIGH,true,supplier-api,/webhook,KEEP,
supplier-worker,true,false,false,true,docs/edge-function-current-status.md,supplier,MEDIUM,false,supplier-worker,/worker,SHIM,
sync-crm-referral-subscription-status,true,false,false,true,src/lib/companyReferrals/IMPLEMENTATION_STATUS.md,other,LOW,false,TBD,/crm-referral-subscription-status,SHIM,
sync-referral-status,true,false,false,true,docs/referral-automation-qa.md,other,LOW,false,TBD,/referral-status,SHIM,
sync-user-email,true,false,false,true,docs/EDGE_FUNCTION_CONSOLIDATION_AUDIT.md,email,LOW,false,email-api,/user-email,SHIM,
sync-user-metadata,true,true,false,false,src/pages/Login.tsx,user,LOW,false,user-api,/user-metadata,MIGRATE,
sync-verified-coordinates,true,true,false,false,src/components/measurements/MeasurementQualityDashboard.tsx|src/hooks/useCoordinateSync.ts,other,LOW,false,TBD,/verified-coordinates,MIGRATE,
task-api,true,false,false,true,docs/edge-function-current-status.md,task,LOW,false,task-api,/api,SHIM,
telnyx-10dlc,true,true,false,false,src/components/admin/TenDLCRegistrationPanel.tsx,telnyx,MEDIUM,false,telnyx-api,/10dlc,MIGRATE,
telnyx-ai-agent-enhanced,true,false,false,false,,telnyx,MEDIUM,false,telnyx-api,/ai-agent-enhanced,DELETE_CANDIDATE,
telnyx-ai-answering,true,false,true,false,supabase/functions/test-ai-call/index.ts,telnyx,MEDIUM,false,telnyx-api,/ai-answering,MIGRATE,
telnyx-api,true,false,false,true,docs/EDGE_FUNCTION_RULES.md|docs/edge-function-current-status.md,telnyx,MEDIUM,false,telnyx-api,/api,SHIM,
telnyx-bridge-dial,true,true,false,false,src/features/pipeline/components/KanbanCard.tsx|src/pages/CallCenterPage.tsx,telnyx,MEDIUM,false,telnyx-api,/bridge-dial,MIGRATE,
telnyx-call-control,true,true,false,false,src/components/call-center/CallCenterLiveDialer.tsx,telnyx,MEDIUM,false,telnyx-api,/call-control,MIGRATE,
telnyx-call-webhook,true,false,true,false,supabase/functions/telnyx-bridge-dial/index.ts|supabase/functions/telnyx-dial/index.ts|docs/EDGE_FUNCTION_CONSOLIDATION_AUDIT.md|docs/edge-function-current-status.md|docs/messaging-consolidation-report.md,telnyx,HIGH,true,telnyx-webhook,/call-webhook,KEEP,
telnyx-configure-number,true,true,false,false,src/components/admin/PhoneProvisioningPanel.tsx,telnyx,MEDIUM,false,telnyx-api,/configure-number,MIGRATE,
telnyx-dial,true,false,false,false,,telnyx,MEDIUM,false,telnyx-api,/call/dial,DELETE_CANDIDATE,
telnyx-inbound-webhook,true,false,false,true,docs/EDGE_FUNCTION_CONSOLIDATION_AUDIT.md|docs/edge-function-current-status.md|docs/messaging-consolidation-report.md,telnyx,HIGH,true,telnyx-webhook,/inbound-webhook,KEEP,
telnyx-mint-jwt,true,true,false,false,src/services/telnyxService.ts|TESTING_INSTRUCTIONS.md|WALKTHROUGH_IMPLEMENTATION.md,telnyx,MEDIUM,false,telnyx-api,/mint-jwt,MIGRATE,
telnyx-port-request,true,true,false,false,src/components/settings/LocationPhoneSettings.tsx|src/components/settings/PhoneSetupWizard.tsx,telnyx,MEDIUM,false,telnyx-api,/port-request,MIGRATE,
telnyx-purchase-number,true,true,false,false,src/components/settings/PhoneSetupWizard.tsx,telnyx,MEDIUM,false,telnyx-api,/purchase-number,MIGRATE,
telnyx-search-numbers,true,true,false,false,src/components/settings/PhoneSetupWizard.tsx,telnyx,MEDIUM,false,telnyx-api,/search-numbers,MIGRATE,
telnyx-send-sms,true,false,true,false,supabase/functions/ai-followup-worker/index.ts|supabase/functions/notify-signature-opened/index.ts|supabase/functions/request-customer-review/index.ts|supabase/functions/send-mention-notification/index.ts|supabase/functions/signer-open/index.ts|supabase/functions/sms-blast-processor/index.ts|supabase/functions/subcontractor-notification/index.ts|supabase/functions/track-quote-view/index.ts,telnyx,MEDIUM,false,telnyx-api,/sms/send,MIGRATE,
telnyx-sms-status-webhook,true,true,false,false,src/components/settings/TelnyxIntegrationPanel.tsx|docs/EDGE_FUNCTION_CONSOLIDATION_AUDIT.md|docs/edge-function-current-status.md|docs/messaging-consolidation-report.md,telnyx,HIGH,true,telnyx-webhook,/sms-status-webhook,KEEP,
telnyx-voicemail-drop,true,true,false,false,src/components/call-center/CallCenterLiveDialer.tsx,telnyx,MEDIUM,false,telnyx-api,/voicemail-drop,MIGRATE,
telnyx-webhook,true,false,false,true,docs/EDGE_FUNCTION_CONSOLIDATION_AUDIT.md|docs/edge-function-current-status.md,telnyx,HIGH,true,telnyx-webhook,/webhook,KEEP,
test-ai-call,true,true,false,false,src/pages/settings/AIAgentSettingsPage.tsx,other,LOW,false,TBD,/ai-call,MIGRATE,
tests,true,false,false,true,TEST-IMPLEMENTATION-STATUS.md|TEST-RESULTS-45-COMPREHENSIVE.md|docs/RATE_LIMITING.md|docs/SUPPLEMENT_BACKEND_AUDIT.md|docs/button-action-matrix.md|docs/phase-1-implementation-plan.md|docs/phase-1a-manager-approval-gate.md|docs/phase-1b-clj-numbering-system.md,other,LOW,false,TBD,/tests,SHIM,
text-to-speech,true,true,true,false,src/components/AnsweringServiceConfig.tsx|src/shared/components/ComprehensiveWalkthrough.tsx|src/shared/components/VideoWalkthrough.tsx|supabase/functions/call-answering-service/index.ts|TESTING_INSTRUCTIONS.md|WALKTHROUGH_IMPLEMENTATION.md,other,MEDIUM,false,TBD,/to-speech,MIGRATE,
trace-roof,true,true,false,false,src/components/measurements/TraceRoofButton.tsx|src/components/roof-measurement/AITraceOverlay.tsx|docs/measurement-runtime-audit.md,roof-report-ingest,LOW,false,roof-report-ingest,/roof,MIGRATE,
track-crm-referral-event,true,false,false,true,src/lib/companyReferrals/IMPLEMENTATION_STATUS.md,other,LOW,false,TBD,/crm-referral-event,SHIM,
track-labor-order-open,true,false,true,false,supabase/functions/labor-order-send-email/index.ts,other,MEDIUM,false,TBD,/labor-order-open,MIGRATE,
track-marketing-session,true,true,false,false,src/lib/analytics/trackingService.ts,other,LOW,false,TBD,/marketing-session,MIGRATE,
track-measurement-accuracy,true,true,false,false,src/components/measurements/MeasurementAccuracyDashboard.tsx,measurement,MEDIUM,false,measurement-api,/measurement-accuracy,MIGRATE,
track-quote-view,true,true,false,false,src/pages/ViewQuote.tsx,other,LOW,false,TBD,/quote-view,MIGRATE,
training-data-api,true,false,false,true,docs/edge-function-current-status.md,training-data,LOW,false,training-data-api,/data-api,SHIM,
transcripts-ingest,true,true,false,false,src/services/whisperASR.ts,other,LOW,false,TBD,/ingest,MIGRATE,
trigger-sales-notification,true,false,true,false,supabase/functions/telnyx-ai-agent-enhanced/index.ts,other,MEDIUM,false,TBD,/sales-notification,MIGRATE,
triple-line-dialer,true,true,false,false,src/components/telephony/TripleLineDialer.tsx,other,LOW,false,TBD,/line-dialer,MIGRATE,
twilio-call-status,true,false,true,false,supabase/functions/twilio-call-status/index.ts|supabase/functions/twilio-voice-call/index.ts,other,MEDIUM,false,TBD,/call-status,MIGRATE,
twilio-voice-call,true,true,false,false,src/pages/PowerDialerAgent.tsx,other,LOW,false,TBD,/voice-call,MIGRATE,
update-competition-scores,true,true,false,false,src/components/canvass/ActivityLogger.tsx|src/hooks/useStormCanvass.ts,other,LOW,false,TBD,/competition-scores,MIGRATE,
update-estimate-line-items,true,true,false,false,src/components/estimates/MultiTemplateSelector.tsx,other,LOW,false,TBD,/estimate-line-items,MIGRATE,
update-scope-compare-review,true,true,false,false,src/hooks/useScopeIntelligence.ts|docs/SUPPLEMENT_BACKEND_AUDIT.md,other,LOW,false,TBD,/scope-compare-review,MIGRATE,
update-supplement-status,true,true,false,false,src/pages/SupplementWorkflow.tsx|docs/SUPPLEMENT_BACKEND_AUDIT.md,other,LOW,false,TBD,/supplement-status,MIGRATE,
update-user-role,true,true,false,false,src/components/settings/EnhancedUserProfile.tsx,other,LOW,false,TBD,/user-role,MIGRATE,
upload-blueprint-document,true,true,false,false,src/integrations/blueprintApi.ts,document,LOW,false,document-api,/blueprint-document,MIGRATE,
upload-company-logo,true,true,false,false,src/components/settings/LogoUploader.tsx,other,LOW,false,TBD,/company-logo,MIGRATE,
upsell-recommendations,true,true,false,false,src/features/leads/components/UpsellRecommendations.tsx,other,LOW,false,TBD,/recommendations,MIGRATE,
user-api,true,false,false,true,docs/edge-function-current-status.md,other,LOW,false,TBD,/api,SHIM,
validate-measurement,true,false,false,false,,measurement,MEDIUM,false,measurement-api,/measurement,DELETE_CANDIDATE,
validate-perimeter,true,false,false,false,,measurement,LOW,false,measurement-api,/perimeter,DELETE_CANDIDATE,
validate-setup-token,true,true,false,false,src/pages/SetupAccount.tsx,auth,LOW,false,auth-api,/setup-token,MIGRATE,
validate-view-token,true,true,false,false,src/pages/PublicDocumentView.tsx,auth,LOW,false,auth-api,/view-token,MIGRATE,
verify-company-domain,true,true,false,false,src/components/onboarding/DomainVerificationBadge.tsx|src/components/settings/EnhancedCompanyOnboarding.tsx,other,LOW,false,TBD,/company-domain,MIGRATE,
verify-email-domain,true,false,false,true,docs/EDGE_FUNCTION_CONSOLIDATION_AUDIT.md,email,LOW,false,email-api,/email-domain,SHIM,
verify-website,true,true,false,false,src/components/settings/WebsitePreview.tsx,other,LOW,false,TBD,/website,MIGRATE,
voice-api,true,false,false,true,docs/edge-function-current-status.md,other,LOW,false,TBD,/api,SHIM,
voice-inbound,true,true,true,false,src/components/settings/TelnyxIntegrationPanel.tsx|supabase/functions/triple-line-dialer/index.ts|TESTING_INSTRUCTIONS.md|WALKTHROUGH_IMPLEMENTATION.md|docs/EDGE_FUNCTION_CONSOLIDATION_AUDIT.md|docs/edge-function-current-status.md,webhook,HIGH,true,webhook-api,/inbound,KEEP,
voice-transcribe,true,true,true,false,src/components/storm-canvass/CanvassPhotoCapture.tsx|src/features/communication/components/VoiceInterface.tsx|src/services/unifiedOfflineStore.ts|supabase/functions/call-answering-service/index.ts|supabase/functions/telnyx-call-webhook/index.ts,other,MEDIUM,false,TBD,/transcribe,MIGRATE,
weather-forecast,true,true,false,false,src/components/WeatherOverlay.tsx|src/components/production/WeatherWidget.tsx|src/components/scheduling/CalendarWeatherOverlay.tsx,storm,LOW,false,storm-api,/forecast,MIGRATE,
weather-risk-analyzer,true,true,true,false,src/components/WeatherRiskAnalyzer.tsx|supabase/functions/dynamic-pricing-calculator/index.ts,storm,MEDIUM,false,storm-api,/risk-analyzer,MIGRATE,
webhook-api,true,false,false,true,docs/EDGE_FUNCTION_CONSOLIDATION_AUDIT.md|docs/edge-function-current-status.md,webhook,HIGH,true,webhook-api,/api,KEEP,
webhook-manager,true,false,false,true,docs/EDGE_FUNCTION_CONSOLIDATION_AUDIT.md|docs/edge-function-current-status.md,webhook,HIGH,true,webhook-api,/manager,KEEP,
workflow-automation,true,true,false,false,src/components/automation/AutomationDashboard.tsx,other,LOW,false,TBD,/automation,MIGRATE,
xact-compare-documents,true,true,true,false,src/hooks/useXactComparison.ts|supabase/functions/xact-recompute-comparisons/index.ts|docs/SUPPLEMENT_BACKEND_AUDIT.md,document,MEDIUM,false,document-api,/compare-documents,MIGRATE,
xact-recompute-comparisons,true,true,false,false,src/features/projects/components/ProjectInsuranceTab.tsx,other,LOW,false,TBD,/recompute-comparisons,MIGRATE,
zelle-payment-page,true,true,false,false,src/pages/AccountsReceivable.tsx|src/pages/ZellePaymentPage.tsx,payment,HIGH,false,payment-api,/payment-page,MIGRATE,
